<?xml version="1.0" encoding="UTF-8"?>
<news><news><id>1</id><company>AMD </company><model>Radeon R9 series graphics</model><itemdesc>The AMD Radeon R9 Fury Series graphics cards are the worlds first total solution GPUs with AMD-pioneered High-Bandwidth Memory (HBM) on-chip delivering extreme 4K performance.</itemdesc></news><news><id>2</id><company>AMD</company><model>Radeon R7 series graphics</model><itemdesc>AMD Radeon R7 300 Series graphics give you high performance and visual realism while playing your favorite online games including features that take your skills to the next level. Find out why you need them in your arsenal.
</itemdesc></news><news><id>3</id><company>AMD</company><model>Radeon HD 8900M series graphics</model><itemdesc>Innovatively designed for extreme gaming and high-definition video, AMD Radeon HD 8900M series laptop video cards deliver unrivaled graphics performance on the go.</itemdesc></news><news><id>4</id><company>Nivida</company><model>GeForce GTX TITAN Z</model><itemdesc>GeForce GTX TITAN Z is a gaming monster, the fastest graphics card we have built to power the most extreme PC gaming rigs on the planet. Stacked with 5760 cores and 12 GB of memory, this dual GPU gives you the power to drive even the most insane multi-monitor displays and 4K hyper PC machines.</itemdesc></news><news><id>5</id><company>Nivida</company><model>GeForce GTX 970</model><itemdesc>The GeForce GTX 970 is a high-performance graphics card designed for serious gaming. Powered by new NVIDIA Maxwell architecture, it features advanced technologies and class-leading graphics for incredible gaming experiences.
</itemdesc></news><news><id>6</id><company>Nivida</company><model>GeForce GTX 960M</model><itemdesc>Discover desktop-class gaming on a notebook with GeForce GTX 960M. Driving great gameplay at high settings on 1080p resolutions, packed with inspired graphics technologies, and BatteryBoost for improved battery life you can game longer, unplugged.</itemdesc></news></news>