<?xml version="1.0" encoding="UTF-8"?>
<catalog>
	<GraphicCards>
		<company>Nivida</company>
		<model>GeForce GTX750 Ti </model>
		<rate>8.5/10</rate>
		<price>$120</price>
	</GraphicCards>
	
	<GraphicCards>
		<company>Nivida</company>
		<model>GeForce Titan </model>
		<rate>9/10</rate>
		<price>$330</price>
	</GraphicCards>
	
	<GraphicCards>
		<company>AMD</company>
		<model>Radeon R7 370</model>
		<rate>7/10</rate>
		<price>$164</price>
	</GraphicCards>
	
	<GraphicCards>
		<company>AMD</company>
		<model>Radeon R9 390</model>
		<rate>9.5/10</rate>
		<price>$340</price>
	</GraphicCards>
	
	<GraphicCards>
		<company>Nivida</company>
		<model>GeForce GT740</model>
		<rate>6/10</rate>
		<price>$95</price>
	</GraphicCards>
	
	<GraphicCards>
		<company>AMD</company>
		<model>Radeon HD 6670</model>
		<rate>3/10</rate>
		<price>$80</price>
	</GraphicCards>
	
	<GraphicCards>
		<company>Nivida</company>
		<model>GeForce GTX970</model>
		<rate>9/10</rate>
		<price>$320</price>
	</GraphicCards>
	
</catalog>